Archivo,Etiquetas
11_07_2019_modelo_orientativo_de_contrato_de_arrendamiento_de_vivienda.pdf,"arrendatario, medioambiente, silvopastoril, divulgador, confidencialidad, depreciación, divulgación, propietario, propiedadintelectual, flujodecaja"
2016-admitidos_Segundo ciclo- Cursos monográficos.xls,"arte, historia, van, confidencialidad, cesión"
2023_05-Modelo_Documento_reserva_inmueble_en_alquiler_v.reducida.docx,"obligaciones, inquilino, vivienda, arrendatario, vigilancia, propietario, inmueble, compraventa, indicadores, silvopastoril"
660d1bfb7c43622a597a4000_Non-disclosure agreement nda template contract.pdf,"análisis, cursos, tir, interpretación, admitidos, documentación, registro, poesía, inversión, curso"
Acuerdo_no_Divulgacion_Unilateral_UE.pdf,"van, nda, actividad, arganda, alquiler, nie, universidad, acuerdo, servicios, panama"
Acuerdo-de-Confidencialidad-OEPM.pdf,"acuerdo, confidencialidad, rentabilidad, obligaciones, divulgación, depreciación, divulgador, compraventa, propiedad, arrendatario"
AnaLiliana_SuarezHerrera_WelmarFernandoRinconTorres_2018_Anexo1.pptx,"proyección, proyeccion, cauca, balance, materias"
Analisis de interpretacion de estados financieros.pptx,"arte, métodos, divulgador, comparación, apalancamiento, registro, historia, cesión, jurisdicción, divulgación"
Análisis Financiero del Proyecto.xls,"cursos, métodos, ingresos, estudios, suministros, empresa, geografía, admitidos, regresión, análisis"
ANALISIS FINANCIERO.xls,"arte, silvopastoril, actividad, divulgación, van"
biblioteca2-csv.xls,"suministros, arte, arrendatario, van, arqueología, historia, arrendamiento, endeudamiento, máster, master"
contrato_alquiler_opcion_compra.pdf,"propiedadintelectual, inquilino, arrendador, 2016-2017, firma, van, silvopastoril, arrendatario, arqueología, propietario"
ContratoAlquiler_reducido.pdf,"propiedadintelectual, silvopastoril, arte, arrendatario, van, cesión, registro, medioambiente, vivienda, servicios"
contrato-de-confidencialidad-freelancer-plantilla-gratis-word.docx,"notificaciones, panama, van, cesión, arte, 2016-2017, batalla, historia, inmueble, devolución"
Formulario_EX00_I28202503542693.pdf,"fuentes, mendieta, máster, master, análisis, prorroga, prórroga, tir, datascience, estancia"
Formulario_EX00_I28202503542693_signed.pdf,"fuentes, mendieta, máster, master, análisis, prorroga, prórroga, tir, datascience, estancia"
JOtracosa de prueba.pdf,"datascience, matrícula, contaduría, geografía, vivienda, mendieta, servicios, alumnos, regresión, medioambiente"
Justificante de Presentación REG.pdf,"datascience, matrícula, contaduría, geografía, vivienda, mendieta, servicios, alumnos, regresión, medioambiente"
Libros 2º Bac HH-CCSS.xls,"alquiler, alumnos, extranjero, divulgación, arte"
modelo_contrato_alquiler_temporada.docx,"arte, lau, historia, van, panama, eva, universidad, balance, inversión, máster"
modelo-contrato-alquiler-finca-rustica_arquitasa.pdf,"arrendatario, propietario, propiedad, propiedadintelectual, arrendador, obligaciones, vivienda, medioambiente, vigilancia, depreciación"
modelo-rescision-contrato-alquiler-vivienda_arquitasa.docx,"arrendatario, arrendador, propietario, arqueología, obligaciones, vigilancia, depreciación, divulgador, inmueble, medioambiente"
OscarJair_RiveraGordillo_EditYohana_DiazMuñoz_2018_Anexo1.pptx,"proyecto, indicadores, obligaciones, apalancamiento, análisis, divulgador, arqueología, divulgación, financiera, monográficos"
presentacic3b3n-def-santoto.pptx,"divulgador, arrendatario, divulgación, van, silvopastoril, depreciación, vigilancia, arrendador, arrendamiento, registro"
Prorroga_estancia_estudios.pdf,"vigilancia, divulgador, divulgación, silvopastoril, arrendador, devolución, extranjería, arqueología, propiedadintelectual, depreciación"
